{
  "num_examples": 6,
  "who_acc": 0.6666666666666666,
  "who_macro_f1": 0.5833333333333334,
  "when_acc": 0.3333333333333333,
  "when_macro_f1": 0.16666666666666666,
  "joint_acc": 0.3333333333333333,
  "who_confusion": {
    "labels": [
      "tool",
      "model",
      "env"
    ],
    "matrix": [
      [
        0,
        2,
        0
      ],
      [
        0,
        3,
        0
      ],
      [
        0,
        0,
        1
      ]
    ]
  },
  "when_confusion": {
    "labels": [
      "plan",
      "toolcall",
      "reflect",
      "final"
    ],
    "matrix": [
      [
        2,
        0,
        0,
        0
      ],
      [
        1,
        0,
        0,
        1
      ],
      [
        0,
        0,
        0,
        1
      ],
      [
        1,
        0,
        0,
        0
      ]
    ]
  }
}